title,views,published
이재룡 3회 적발...임현식은 7회? 방송계 '음주운전 삼진아웃' 명단 #연예인 #연예계소식,4037105,"Mar 8, 2026"
본업보다 더 벌어? 연예인 운영 식당 매출 TOP 10 #연예인 #연예계소식,3921337,"Jan 6, 2026"
"""3,000억 위조 vs 62억 횡령"" 천륜 끊은 스타들의 눈물 #연예인 #연예계소식",3323436,"Feb 26, 2026"
"매출이… 무려 1,300억?! 부울경 음식점 매출 TOP14 #부울경맛집 #매출순위 #국밥맛집 #부산여행 #맛집정보",2492929,"Dec 15, 2025"
5억 연봉 포기! '월가 출신' 연예인의 상상도 못한 전 직업은?? #억대연봉 #삼성 #대기업 #월가 #연예인,2714658,"Dec 11, 2025"
"""존스홉킨스에 상위 0.1%까지?"" 상위 1% 영재 판정받은 스타 2세들 #연예인 #연예계소식 #스타2",2182494,"Mar 11, 2026"
"""10년만에 단역에서 회당 7천만?"" 태양의 후예, 몸값 반전 TOP 10 #안보현 #연예인 #연예계소식",1954514,"Mar 30, 2026"
BTS 정국을 예선탈락시킨 곳? 놀라운 슈퍼스타K 출신 연예인 #연예인 #슈스케,1654967,"Feb 27, 2026"
2002년 월드컵 4강 주역들과 2026 월클의 소름 돋는 몸값 차이 #월드컵 #축구 #축구선수 선수,1874135,"Feb 3, 2026"
"""JYP서 번 20억, 다 증발했다고?"" 잘나갔던 스타들 충격 근황 TOP10 #량현량하  #연예인 #연예계소식",1775823,"Apr 7, 2026"
130억 청구부터 양육비 0원 논란까지... 연예인 충격의 진흙탕 폭로 TOP 9 #연예인 #연예계소식 #동호,1624227,"Mar 4, 2026"
"""드라마 남주가 쿠팡 상하차를?"" 생계 위해 투잡 뛰는 연예인 TOP 10 #연예인 #연예계소식 #임주환",1405575,"Feb 27, 2026"
2PM에서 쫓겨난 소년이 레이블 수장? 연예계 '부활의 아이콘' TOP 10 #연예인 #연예계소식,1309316,"Feb 10, 2026"
"""서프라이즈 장동건이 4평 원룸?"" 예상 밖 근황 공개한 스타 10인 #연예인 #연예계소식",1390041,"Mar 18, 2026"
거절 한 번에 3조원이 증발? 글로벌 대박 놓친 캐스팅 잔혹사 #연예인 #연예계소식,1350084,"Jan 3, 2026"
"""뷔 600억보다 리사가 더 많다?"" 블핑·BTS 멤버별 추정 자산 총정리 #연예인 #연예계소식",1213785,"Mar 18, 2026"
제복 벗고 대박 난 스타들놀라운 항공사 이력 있는 연예인들 #연예인 #연예계소식,1293617,"Mar 8, 2026"
"원빈, 정종철이 친구라고? 연예인 의외의 동갑내기들 #연예인 #연예계소식",1205479,"Jan 15, 2026"
역주행 '아파트' 윤수일이 혼혈? 놀라운 다문화 혼혈 스타 TOP10 #연예인 #연예계소식,1164392,"Mar 5, 2026"
"91년 '실세 양원경' vs '무명 유재석', 지금 자산은 1000배 차이?",1131571,"Feb 13, 2026"
"""3.1절에 일본 여행 브이로그""? 현실 감각 상실한 연예인들의 아찔한 발언들 #연예인 #연예계소식",965800,"Mar 3, 2026"
"""연봉 8천 버리고 배우로 전향?"" 늦게 주목받아 놀라운 배우 TOP10 #연예인 #연예계소식",975554,"Mar 25, 2026"
입시 5관왕부터 197cm 야구선수까지? '내 새끼의 연애2' 스타 2세 총정리 #연예인 #연예계소식,927872,"Mar 6, 2026"
"2026 FA 시장 ""186억 vs 3억""KBO 구단별 지출액 한눈 정리 #KBO #야구 #FA계약",901297,"Feb 6, 2026"
"""쓰레기vs칠봉이, 13년 뒤 누가 더 스타?"" 응사, 반전 몸값 상승률 TOP 10 #응답하라1994 #연예인 #연예계소식",905307,"Apr 3, 2026"
알고 보니 이렇게 닮았다고? 스타 부모-자녀 혈연 클라스 TOP10 #연예인 #연예계소식,930080,"Feb 18, 2026"
"""보여드려요?""에서 ""맞다이""까지.. 연예계를 뒤흔든 '역대급' 기자회견 TOP 10 #연예인 #연예계소식 #기자회견",916188,"Feb 28, 2026"
"연예인이 만든 회사, 기업가치 1조? 연예인 CEO 서열 TOP10 #연예인 #연예계소식",860284,"Feb 21, 2026"
"윤태영, 재산 상속만 450억? 알고 보니 집안이 재벌급인 스타들 #연예인 #연예계소식",939925,"Mar 15, 2026"
"""이름없는 단역이 회당 8천만?"" 미생, 12년 뒤 몸값 반전 TOP 10 #연예인 #연예계소식",799220,"Apr 6, 2026"
"""15년 뒤 몸값 5억으로 1,000배?"" 드림하이, 역대급 몸값 반전 TOP10 #연예인 #연예계소식",845115,"Apr 4, 2026"
생방송 중 감전 대형 오토바이 사고? 지금 TV에 나오는 게 기적인 인물들 #연예인 #연예계소식 소식,808450,"Feb 7, 2026"
"""같은 프로그램, 완전히 다른 인생?"" '1박 2일' 출신 연예인 논란 TOP10 #연예인 #연예계소식",817129,"Apr 4, 2026"
"하리수랑 라미란이 동갑이라고? 임수정, 양동근도 79 친구? #연예인 #연예계소식",667048,"Feb 10, 2026"
기안84가 4위? 예능인보다 웃긴예능 씹어먹은 능력자들 TOP 10 #연예인 #연예계소식,682875,"Feb 25, 2026"
"""연예인들 과거 답변이 털렸다?"" 네이버 지식인 강제 파묘 TOP10 #연예인 #연예계소식",729350,"Mar 25, 2026"
"""한 집안에 배우만 3명이라고?"" 연예계 혈연 클라스 TOP 10 #연예인 #연예계소식",772900,"Feb 16, 2026"
"""유퉁 8번 결혼, 7번 이혼?"" 연예계 파란만장한 이혼사 TOP10 #연예인 #연예계소식",737288,"Mar 19, 2026"
다시 돌아와 줘서 반가운 스타들! 투병 이겨내고 돌아온 스타들 근황 #연예인 #연예계소식,678381,"Mar 8, 2026"
"""남편 누구길래 난리였나?"" 역대 걸그룹 화제의 결혼 TOP10 #연예인 #연예계소식",720727,"Apr 11, 2026"
"흑백 우승자 맛피아, 설현이랑 동갑? 연예계 놀라운 동갑내기들 #연예인 #연예계소식",624291,"Feb 25, 2026"
"""1위는 역시 김용건, 39살 차이?"" 남자 연예인 충격의 커플 나이차 TOP10 #연예인 #연예계소식",646481,"Apr 4, 2026"
4년 공백 이휘재 '불후의 명곡'으 복귀? 슈돌 출신 논란 스타 근황 TOP 8 #연예인 #연예계소식 #이휘재,641113,"Mar 6, 2026"
돈 자랑 하더니 세금은 '나 몰라라' 양심 터진 고액 체납 스타들 #연예인 #연예계소식,603036,"Jan 16, 2026"
"""40세 손예진부터 54세 심현섭까지?"" 4050에 결혼한 스타 TOP 10 #연예인 #연예계소식",615737,"Mar 20, 2026"
"""도깨비, 벌써 10년 전이라고?"" 충격의 출연진 몸값 반전 TOP10 #정해인 #연예인 #연예계소식",636689,"Mar 28, 2026"
"'강타는 SM 프로듀서, 신혜성은 활동 중단?"" 신화·H O T  28년 후 근황 TOP #연예인 #연예계소식",620544,"Mar 30, 2026"
"이종범부터 차범근, 허재까지아빠 리즈 시절 복사한 스포츠 2세들 #KBO #축구 #농구 #이정후 #박준현 #차범근 #이을용",587936,"Feb 6, 2026"
"""김영옥, 도둑이 집 한 채 값 훔쳐갔다?"" 도둑·사기에 거액 날린 스타 TOP10 #연예인 #연예계소식",586750,"Apr 11, 2026"
수천억 인생작 걷어찼다? 캐스팅 반전 스타 TOP 9 #연예인 #연예계소식,593518,"Dec 27, 2025"
"""지예은♥바타 열애 인정?"" 역대 댄서 연애·결혼 이슈 TOP 10 #연예인 #연예계소식",571430,"Apr 13, 2026"
"""박진영이 아직도 아쉬워하는 아이유"" 연예계 역대급 캐스팅 실수 TOP10 #연예인 #연예계소식",569836,"Mar 15, 2026"
"""이혼하고 찾아온 두 번째 봄?"" 연예계 재혼한 스타들 TOP 9 #연예인 #연예계소식",541342,"Mar 10, 2026"
"""팬들마저 돌아섰다, 왜?"" 복귀 반응 싸늘했던 스타 TOP10 #연예인 #연예계소식 #이휘재 #김준현 #박나래",570481,"Mar 25, 2026"
"""남경주에 이어 김완선도 검찰 송치?"" 연예계 사건 현재 상태 정리 #연예인 #연예계소식",548628,"Mar 12, 2026"
"임성근, 3번 걸리고도 방송 출연양심 터진 방송계 음주운전 레전드 #연예인 #방송인 #연예계소식",559237,"Jan 19, 2026"
"영어쌤 체리필터, 국어쌤 이보영? 연예계 숨은 반전 선생님 리스트 #연예인 #연예계소식",537955,"Feb 4, 2026"
800만 배우가 대리운전을? 충격적인 1위 스타들의 투잡 근황 #연예인 #연예계소식,540761,"Feb 28, 2026"
"배고파 시작한 안정환, 노가다 이을용 2002 영웅들의 반전 과거 TOP 10 #월드컵 #2002 #안정환 #박지성",509633,"Feb 5, 2026"
"짜장면 2,500원 시절에 '10억'2002 월드컵 주역들의 광고료",463444,"Feb 24, 2026"
"""김민준 처남이 지드래곤이라고?"" 놀라운 스타 반전 가족관계 TOP10 #연예인 #연예계소식",534986,"Apr 6, 2026"
"가난했던 스타들, 지금은 수백억 자산가? 원빈부터 임영웅까지 자수성가 연예인 #연예인 #연예계소식 #임영웅 #아이유",495739,"Feb 13, 2026"
맙소사! 정배가 벌써 33살? 그 시절 아역 스타 근황 TOP 10 #연예인  #연예계소식 #순풍산부인과 #아역,519361,"Jan 22, 2026"
"""카페 차려 대박 난 스타들?"" 직접 운영으로 화제 된 연예인들 #연예인 #연예계소식",478379,"Mar 9, 2026"
2002 월드컵이 벌써 24년 전4강 신화 주역들 연봉 및 현재 근황 #붉은악마 #월드컵 #스포츠,483443,"Jan 31, 2026"
"""도끼♥이하이, 이 둘이 사귄다고?"" 분야 다른 의외 조합 커플 TOP10 #연예인 #연예계소식",482497,"Mar 29, 2026"
"""4급 판정 뒤집고 수색대 간 김수현?"" 연예계 놀라운 군대 이력 TOP 10 #연예인 #연예계소식",468674,"Mar 19, 2026"
"43살, 5번째 방출에도 ‘현역 도전’ 2026 KBO 현역 선수 나이 서열 #KBO #야구 #현역",450704,"Feb 7, 2026"
12년 만에 다시 보는 'KBO 통합 4연패' 2014 우승 멤버들의 엇갈린 2026년 #야구 #KBO,459506,"Feb 19, 2026"
"""어느 날 신령님이 찾아왔다?"" 무속·신병 사연 고백한 스타 모음 #연예인 #연예계소식",453271,"Mar 13, 2026"
"""김혜수, 황광희 모두 태권도 3단?"" 태권도 유단자 연예인 TOP 10 #연예인 #연예계소식",437504,"Mar 16, 2026"
"""씨야, 생활고에 이간질까지?"" 소속사 분쟁·폭로 화제 스타 10 #연예인 #연예계소식",438844,"Apr 9, 2026"
"""촬영장 욕설, 공개 옷차림 지적까지?"" 방송가 태도 논란 연예인 TOP10 #연예인 #연예계소식",436449,"Mar 27, 2026"
"""빚만 22억 vs 194억 건물 매입?"" 의사랑 결혼한 연예인 TOP 10 #연예인 #연예계소식",436066,"Mar 9, 2026"
"""나는 SOLO"" 의사부터 파일럿까지! 찐으로 결혼한 커플 & 직업 모음 #나는솔로 #나는솔로커플",413945,"Mar 7, 2026"
"제작비는 300억, 관객은 50만? 투자자가 오열한 한국 영화 TOP 10 #연예인  #연예계소식 #영화",411970,"Feb 5, 2026"
"""악뮤, YG 독립 후 근황은?"" 스타가 세운 엔터회사 현재 규모 #악동뮤지션 #연예인 #연예계소식",425336,"Apr 4, 2026"
"""2위했는데 매년 봄마다 10억씩?"" 오디션 출신 진짜 승자는 누구 #연예인 #연예계소식",382128,"Mar 31, 2026"
흑백요리사2 요리괴물이 막내? 알고 보면 충격적인 나이 서열 #흑백요리사 #흑백요리사2 #임성근 #최강록,391968,"Jan 22, 2026"
"하이브 사옥만 1조 2,500억…? K POP 기획사 건물 순위 TOP 10 #연예인 #연예계소식 #하이브",389775,"Feb 14, 2026"
"""박지헌, KCM만이 아니었다?"" 결혼·자녀 뒤늦게 알려진 스타 TOP10 #연예인 #연예계소식",407590,"Apr 10, 2026"
"""대화한 지 3시간 만에 프러포즈?"" 외국인과 결혼한 스타 TOP 10 #연예인 #연예계소식",359813,"Mar 6, 2026"
"벌써 27년 전? 스타들의 등용문 ""학교1"" 출연진 현재 근황은? #연예인 #연예계소식",348660,"Feb 11, 2026"
전지현·고소영·김연아에 이어 박은영까지? 신라호텔 스타 웨딩 TOP 10 #연예인 #연예계소식,381941,"Mar 31, 2026"
"""송혜교·김래원이 고딩이었다고?"" 순풍산부인과 1020 배우들 현재 나이 #연예인 #연예계소식",359033,"Mar 11, 2026"
"""옹씨 보다 더 희귀한 성씨가 있다?"" 희귀 성씨 스타·유명인 TOP 10",363654,"Mar 31, 2026"
"""사과했는데도 대중의 반응은 싸늘?"" 복귀 성공 vs 실패 갈린 스타 TOP10 #조진웅 #연예인 #연예계소식",385065,"Mar 27, 2026"
우승자보다 더 잘 버는거 아냐? 오디션 광탈자 반전 근황 TOP 10 #연예인 #연예계소식,347299,"Mar 5, 2026"
"""1위 김민재, 2위는 손흥민?"" 월드컵 홍명보호 연봉 격차 TOP 10 #스포츠 #월드컵 #홍명보 #축구",328044,"Mar 25, 2026"
"""21살에 137억 현금 박치기?"" 스타들의 초호화 아파트 TOP 10 #연예인 #연예계소식",361672,"Apr 1, 2026"
"""환풍기 수리공이 슈스케 1등?"" 충격의 연예인 반전 전직 TOP 10 #연예인 #연예계소식",311057,"Mar 17, 2026"
"""5만원 받던 엑스트라, 1600배 상승?"" 학교2013 출연진 몸값 대역전 TOP10 #연예인 #연예계소식",341980,"Apr 7, 2026"
"""집행유예부터 꽃뱀 낙인까지?"" 반올림 출연자들 반전 현재 근황 #연예인 #연예계소식",320537,"Mar 19, 2026"
"""사장님에서 다시 방송인으로?"" 사업 실패 딛고 다시 일어난 스타 #연예인 #연예계소식",345163,"Mar 13, 2026"
"운동 실력은 국대, 외모는 센터! 대한민국 스포츠 여신 TOP 8 #스포츠 #김연아 #김민지 #올림픽",298182,"Feb 2, 2026"
10년 무명 버티더니 몸값 급상승? 대한민국 대기만성 배우 TOP 10 #연예인 #연예계소식,307519,"Feb 12, 2026"
"""122억에 산 빌딩이 236억?"" 나혼산 출연진 시세차익 TOP 10 #연예인 #연예계소식",337170,"Apr 14, 2026"
"팬들이 이름만 들어도 눈물짓는, 역대 가장 안타까운 야구선수 #KBO #야구",322567,"Feb 10, 2026"
연봉 7천에서 연 수입 50억으로? 프리 아나운서 몸값 서열 TOP 10 #연예인 #연예계소식 #아나운서 #전현무 #장성규 #박지윤,323233,"Feb 3, 2026"
"""선 넘었네?"" 방심위 철퇴 맞은 예능 속 논란의 장면 TOP 10 #연예인 #연예계소식 #방통위",319269,"Mar 7, 2026"
"""10년 흐르니, 몸값 200배 상승?"" 시그널, 몸값 역전 클래스 TOP 10 #연예인 #연예계소식",291533,"Mar 31, 2026"
"""김태희, 윤경호가 동갑?"" 알고봐도 놀라운 연예계 동갑내기 #연예인 #연예계소식",283576,"Apr 11, 2026"
"""회당 1억 받던 스타가 컨테이너 생활?"" 잘나가던 스타들의 충격의 반전 근황 #연예인 #연예계소식",328552,"Mar 20, 2026"
"""음주 사고 뒤 편의점을 갔다고?"" 아이돌 음주운전 기행 TOP 10 #연예인 #연예계소식",304748,"Mar 11, 2026"
"""박진영 30억이 3위라고?"" 재벌가부터 톱스타까지 위자료 TOP10 #연예인 #연예계소식 #재벌",317762,"Mar 14, 2026"
"노사연-한상진, 환희-이장우가 사촌? 연예계스포츠계 의외의 혈연 관계 #연예인 #연예계소식",322595,"Feb 19, 2026"
매출 50조가 외국으로 알고보니 외국 기업 TOP9,274267,"Jan 6, 2026"
"""월클은 은퇴해도 월클?"" 스포츠 레전드들의 충격 근황 #스포츠 #월클 #김연아 #김연경",295978,"Feb 8, 2026"
"""외도 선 긋기부터 축의금 손절까지?"" 요즘 화제 된 소신발언 스타 TOP 10 #연예인 #kbo",300745,"Mar 27, 2026"
"""LG 6명 vs KIA·두산 1명"" 2026 WBC 국가대표 최종 명단 #WBC #KBO #야구 #야구대표팀",278455,"Feb 10, 2026"
"이시영은 트레일러, 민아는 굴착기? 연예인들의 숨겨진 반전 자격증 #연예인 #연예계소식",290228,"Mar 13, 2026"
11억·15억 손실에.. 압류·채무 위기까지? 연예인 금전 피해 사례 TOP 10 #연예인 #연예계소식,289148,"Feb 24, 2026"
"""출연정지 후 일본에선 스타?"" 출연정지 연예인 현재 근황 TOP10 #연예인 #연예계소식",299129,"Apr 2, 2026"
"영화 ""써니"" 벌써 15년 전?? 몸값 1위는 회당 2억 '본드녀' 천우희? #연예인 #연예계소식 #써니 #천우희 #심은경 #박진주",274556,"Feb 9, 2026"
브랜드 가치로 수백억 실현 매각 성공 연예인 TOP10 #연예인 #연예계소식,281893,"Jan 10, 2026"
WBC 0명인데 징계는 4명? 롯데 도박 4인방+팀 상황 총정리 #kbo #야구,231524,"Feb 26, 2026"
'누아르' 현봉식 vs '러블리' 84라인. 1984년생 비주얼 세계관 충돌 TOP 10 #연예인 #연예계소식 #현봉식,253650,"Feb 5, 2026"
원빈이 옥동자 집에서 위닝을? 연예계 의외의 절친 TOP 10 #연예인 #연예계소식,270836,"Feb 26, 2026"
시청률 57%를 걷어찼다? 한국 드라마 엇갈린 주인 TOP 10 #연예인 #연예계소식 #캐스팅 #랭킹,279968,"Jan 23, 2026"
"""뷔-이정재부터 진-이연복까지?"" 믿기 힘든 스타 반전 인맥 TOP10 #연예인 #연예계소식",247663,"Mar 23, 2026"
"""서울예대 90학번 vs 한예종 09학번"" 보면 놀라는 연예인 동문 TOP 10 #연예인 #연예계소식",263438,"Mar 14, 2026"
"""그때 50만원 신예가 지금 1억?"" '대장금' 출연진 몸값 변화 TOP10 #연예인 #연예계소식",258545,"Apr 10, 2026"
독일·이탈리아도 70%는 넘는데... 극단적인 대한민국 호감도 국가 서열 #일본,251222,"Mar 1, 2026"
40년째 '부동의 1위' 차범근! 한국 축구 A매치 최다 득점 순위는? #차범근 #손흥민 #축구 #월드컵,245281,"Feb 7, 2026"
탑티어 전소연 vs 위기의 제시? 언프리티 랩스타 언니들의 충격 근황 #연예인 #연예계소식,223990,"Mar 4, 2026"
"""원래 주인공은 따로 있었다?"" 캐스팅 불발 후 더 커진 흥행작 TOP 10 #연예인 #연예계소식",263139,"Apr 3, 2026"
"""붐 150일 휴가가 가능했다고?"" 연예인 군대 특혜 논란 TOP 10 #연예인 #연예계소식",208391,"Mar 21, 2026"
"""신동엽 딸은 서울대, 윤후는 UNC?"" 부모보다 더 놀라운 스타 2세들 #연예인 #연예계소식",238709,"Mar 16, 2026"
일 안 해도 연 ‘40억’…저작권료 재벌 공개합니다 #저작권료 #음원수익 #작곡가 #연예인 #가수,217554,"Dec 12, 2025"
"""1박2일은 7.2%, 라스는 2%대?"" 장수 예능 충격의 시청률 비교 #연예인 #연예계소식 #예능",228502,"Apr 3, 2026"
"""왕사남""에서 단종을 지킨, 엄홍도의 후예'영월 엄'씨의 성을 가진 유명인",207941,"Mar 13, 2026"
TV 출연 안 해도 먹고사는 이유. 연예인 유튜브 개인 채널 수익 순위 #연예인 #연예계소식,208953,"Feb 9, 2026"
"""내 마음속 저장""에서 ""900만 배우""로.. 워너원 최종 순위 및 2026년 현재 근황",192763,"Mar 3, 2026"
"150억도, 132억도.. 왜 못 뛰는가? 2025 KBO 연봉 대비 효율 논란 선수 #야구 #KBO",189437,"Feb 21, 2026"
9살 어린데 13년 대선배였어? 알고보면 충격인 선후배 사이 TOP 10 #연예인 #연예계소식,165208,"Feb 28, 2026"
흑백요리사 시즌2 흑수저 매장 이름과 가격대는?? #흑백요리사 #연예계소식,197182,"Jan 7, 2026"
"""서경석, 한국사 강사로 변신?"" 개그맨들의 반전 제2막 TOP10 #연예인 #연예계소식",196776,"Apr 8, 2026"
사랑의 유효기간이... 3일? 연예계 초고속 이혼 TOP 10 #연예인 #연예계소식,188814,"Jan 20, 2026"
"""우승보다 빛난 준우승?"" 슈스케 시즌별 TOP2 현재 근황 #연예인 #연예계소식",192628,"Mar 4, 2026"
"""소지섭이 17살 차라고?"" 연하와 결혼한 남자 스타 TOP10 #연예인 #연예계소식",182056,"Apr 9, 2026"
16살 모델 이종석이 여기서 데뷔? 진실게임 레전드 출연자들의 반전 과거 #연예인 #연예계소식,161725,"Feb 22, 2026"
"""아이돌 출신이 회차당 3억 스타?"" 해품달, 현재 몸값 상승률 TOP 10 #연예인 #연예계소식",161026,"Apr 1, 2026"
20대에 만나 26년째 연애 중? 연예계 대표 공개 연애 커플 TOP 10 #연예인 #연예계소식,174135,"Mar 2, 2026"
이름 하나 바꿨을 뿐인데   인생 역전 스타 TOP 13 #연예인 #연예계소식,153934,"Jan 9, 2026"
"""법원 판결부터 학폭 논란까지?"" 유명인 자녀 논란 이슈 TOP 9 #연예인 #연예계소식",179024,"Mar 25, 2026"
"""회당 20만 원이 지금은 톱스타?"" 뉴 논스톱 출연진 현재 근황 TOP10 #연예인 #연예계소식",162275,"Apr 8, 2026"
월클 손흥민도 2위? 역대 대한민국A매치 최연소 득점 TOP 10 #축구 #손흥민 #박지성 #정상빈 #국대,147271,"Feb 7, 2026"
"2008 베이징 올림픽 금메달 주역. 2026년, 엇갈린 운명의 현재 근황 #KBO #야구 #베이징올림픽",162410,"Feb 4, 2026"
100억 vs 20억… FA 격차 5배? 2026 FA '100억' 잭팟 TOP 10 #야구 #KBO #fa계약,142691,"Feb 15, 2026"
400만→5억 응팔 10년 만에 125배2026년 쌍문동 식구들 몸값 서열 #연예인 #연예계소식 #응팔,152215,"Feb 15, 2026"
제발... 올해는 다치지 마세요. 팬들 보면 눈물나는 KBO 부상 잔혹사 #KBO #야구 #김도영 #구창모 #구자욱,138465,"Feb 8, 2026"
"""가족이 아니라 웬수였나?"" 가족 때문에 이미지 타격 입은 스타들 #연예인 #연예계소식",152605,"Apr 10, 2026"
"""결혼할 인연은 다 따로 있었다?"" 공개 열애 후 다른 사람과 결혼한 스타들 #연예인 #연예계소식",159172,"Apr 13, 2026"
대한민국 대기업 회장 어디 고등학교 출신?,140880,"Dec 24, 2025"
"""1인 기획사, 안하면 바보라고?"" 연예인 1인 기획사·세무 논란 TOP10 #연예인 #연예계소식",135096,"Mar 10, 2026"
가족이라 믿었는데 617억 증발? 스타들의 배신 비하인드 TOP10 #연예인 #연예계소식,143233,"Jan 19, 2026"
박보영이랑 카더가든이 동갑이야? 충격의 연예계 동갑내기들 #연예인 #연예계소식,115516,"Mar 1, 2026"
"""척추 골절 부터 다리 절단 위기까지?"" 방송계 역대 촬영 사고 TOP 10 #연예인 #연예계소식",140689,"Mar 16, 2026"
한때는 오서방이 최고였는데…논스톱4 멤버들의 충격적인 현재 격차 #연예인 #연예계소식,129311,"Feb 20, 2026"
포지션 전향하고 연봉 상승? 야구 인생 바꾼 '신의 한 수' 전향 #KBO #야구,128879,"Feb 8, 2026"
"""음주운전 3번.. KBO 규정까지 바꿨다?"" 스포츠계 '투아웃' 이상 불명예 TOP10 #스포츠 #징계",130122,"Mar 10, 2026"
"지명 실패, 방출, 그리고 100억 잭팟! KBO 역대 신고선수 레전드 TOP 10 #야구 #kbo #야구선수",122483,"Jan 30, 2026"
"""장근석 600억, 방시혁 365억?"" 해외 부동산 보도된 스타 TOP10 #연예인 #연예계소식",130834,"Apr 6, 2026"
매니저 갑질 의혹부터 각종 논란까지.. 예능인 연이은 하차 이유 총정리 #연예인 #연예계소식 #박나래 #이이경,128604,"Feb 27, 2026"
부모님이 뒷목 잡으신 이유 뇌섹남녀 연예인 반전 전공 #연예인 #연예계소식,110885,"Jan 16, 2026"
야구 잘 하고 싶어서 이름까지 바꿨다? 인생 2막 연 KBO 개명 선수들 #KBO #야구 #개명 #손아섭,118841,"Feb 9, 2026"
"""이병헌이 놓친 금액 3,530억 원?"" 역대급 대박작 놓친 스타 TOP10 #연예인 #연예계소식",136709,"Apr 4, 2026"
하루 매출이 벤츠 한 대 값? 제주 외식 매출 TOP 10 #제주도 #매출,111815,"Jan 3, 2026"
알프스 650km를 자전거로 재벌 회장들의 취미 생활 #ceo #취미,126630,"Jan 14, 2026"
"WBC 대만전 충격패… 메이저리거 4명 14타수 0안타, 한국 4:5 대만 패배 #wbc #야구 #kbo",93637,"Mar 9, 2026"
"연 매출 1,200억이라고 전국 부자 빵집 TOP10 #빵집 #빵 #경제",112487,"Jan 13, 2026"
여기 10명 중 10명이 모두 막내세계 스포츠 스타들의 공통점,105107,"Mar 2, 2026"
오늘 800만 돌파! 박지훈 '왕사남' 신드롬과 함께 보는 흥행 연기돌 TOP9 #연예인 #연예계소식,111709,"Mar 1, 2026"
"""장동건·백종원·기안84까지?"" BTS 콘서트 관람한 화제의 스타들 #연예인 #연예계소식",107361,"Apr 12, 2026"
흑백요리사 시즌2 백수저 가게 및 코스 요리!! 1위는 누구?? #흑백요리사 #백수저 #파인다이닝 #연예계소식,115301,"Jan 6, 2026"
피아노 치던 박보검이 수영 선수? 반전 과거 운동 선출 스타 TOP 10 #연예인 #연예계소식,113690,"Mar 15, 2026"
"""135승 황태자가 승부조작을?"" 나락 간 레전드 스포츠 스타 TOP 10 #스포츠 #야구 #KBO #축구",120099,"Feb 6, 2026"
"""하정우 본명이 김성훈이었다고?"" 활동명으로 더 유명한 스타 TOP10 #연예인 #연예계소식",112545,"Mar 24, 2026"
"""서인영, 유튜브 복귀 후 벌써 16만?"" 논란 후 유튜브 복귀한 연예인 TOP10 #연예인 #연예계소식",110075,"Apr 2, 2026"
형제·자매보다 더 닮은거 아냐? 소름돋는 연예계 도플갱어 TOP 10 #연예인 #도플갱어,90863,"Feb 20, 2026"
"양효진 vs 강소휘, 8억 공동 1위의 전쟁! 2026 V 리그 각 팀 에이스는? #스포츠 #배구",93370,"Mar 2, 2026"
"""1510만 vs 1137만 vs 942만?"" 배우로 더 대박 난 아이돌 TOP10 #박지훈 #연예인 #연예계소식",99101,"Mar 28, 2026"
"양준혁 19살 연하 결혼 ""재산 노렸다?"" 나이 파괴 로맨스 스타 부부 모음 #연예인 #연예계소식",98666,"Mar 9, 2026"
"""극단 월 50만원이 지금 회당 3억대?"" 1600만 '왕사남' 몸값 반전 TOP10 #연예인 #연예계소식",108898,"Apr 9, 2026"
논란 터지고 수입이 10배? 연예계 전설의 '복귀 끝판왕' 10인 #연예인 #연예계소식,87355,"Feb 8, 2026"
당신의 영구결번은 누구입니까? KBO 전설로 박제될 유력후보 선수들 #KBO #영구결번 #야구 #류현진 #구자욱,91431,"Feb 7, 2026"
"""2026엔 누굴까?"" KBO 현역 골든글러브 최다 수상 TOP 10 #KBO #야구 #골든글러브 #강민호 #구자욱 #손아섭",92850,"Feb 8, 2026"
4년 만 복귀한 이휘재가 선곡한 곡은? 불후에서 부른 복귀곡 TOP 10 #연예인 #연예계소식,93279,"Mar 17, 2026"
2026 벚꽃 만개는 언제? 지역별 벚꽃 개화 및 축제 정보 #벚꽃 #개화소식 #벚꽃축제,82062,"Feb 19, 2026"
95년생 31살 라인업 실화? 회당 3억 이도현부터 방부제 박지빈까지 #연예인 #연예계소식,92706,"Feb 11, 2026"
전직 운동선수였다고…?! 국가대표급 과거 가진 스타 #연예인비하인드#의외의과거#운동선수출신#연예계정보#정보정리#연예인,97327,"Dec 20, 2025"
시청률 50% 찍고 돌연 잠적? 정점에서 사라진 전설의 스타들 #연예인  #연예계소식,97240,"Feb 9, 2026"
"""안재욱 음원 수익만 500억?"" 노래 한 곡으로 빌딩 세운 배우들 #연예인 #연예계소식 #음원 #박보검",58714,"Feb 11, 2026"
"""최장 기록이 무려 38년?"" 역대 최장 기간 광고 모델 TOP 10 #연예인 #연예계소식",97583,"Mar 11, 2026"
"""1경기에 100만달러?"" KBO 역대 최악의 용병 TOP 10 #야구 #KBO #스포츠",91526,"Mar 26, 2026"
"""최충연부터 이종범까지?"" 팬들 분통 터진 야구 논란 TOP10 #야구 #스포",94927,"Apr 14, 2026"
'박정민'이 '임영웅'을 제쳤다? 2026년 광고 모델료 TOP 10  #연예인 #연예계소식 #광고료,84513,"Jan 29, 2026"
"""방탄 RM이 언급한 한로로, 9위?"" 인디·밴드 음원수익 격차 TOP 10 #연예인 #연예계소식",83192,"Apr 9, 2026"
"""KBO에서 307억? 가능한 거였어?"" 현역 KBO 누적 총액 TOP 10 #야구 #KBO #스포츠",85215,"Mar 17, 2026"
"정점에서 나락까지 딱 한순간, 정상 코앞에서 멈춰선 스타들 TOP10 #연예인 #연예계소식",90965,"Feb 22, 2026"
"""아이돌 관두고 1회 5억?"" 연기로 대박 난 올라운더 TOP 10 #연예인 #연예계소식 #아이유",82004,"Feb 15, 2026"
"""이정후는 MLB, 송지아는 상금 10위?"" 스포츠 DNA 물려받은 자녀들 #야구 #스포츠 #축구",89376,"Apr 11, 2026"
핑클이 해체한 적이 없었다고? 살아있는 가요계 '현역' 전설 그룹 TOP11 #연예인 #연예계소식,80581,"Mar 5, 2026"
"""안선영이 1조, 하유미가 3,000억?"" 홈쇼핑에서 대박 난 연예인 TOP10 #연예인 #연예계소식",82936,"Apr 5, 2026"
알고 보니 가족이었다? 연예계 거물 인맥 한눈 정리 #연예계인맥 #연예계 #기업정보 #인맥정리 #연예계이슈,87335,"Dec 20, 2025"
"""슈퍼주니어 은혁, 포르쉐보다 모닝?"" 경차·소형로 화제 된 연예인들 #연예인 #연예계소식",82630,"Mar 22, 2026"
이 결말이 진짜일리 없어   역대급 뒤통수 엔딩 드라마 TOP10,85909,"Jan 26, 2026"
"서울대 치대, 대기업 과장 포기? 대기업 버리고 대박난 스타들 #연예인 #연예계소식",84971,"Jan 3, 2026"
"""2세들, 뉴저지 유학비만 연 3억?"" 스타들의 자녀 교육비 TOP 10 #연예인 #연예계소식",85982,"Apr 5, 2026"
부러우면 지는거야😭 연예인 결혼 나이차 서열 #연예인 #연예계소식,80931,"Jan 8, 2026"
2026 KBO 아시아쿼터 10인! 개막전 앞두고 가장 기대되는 선수는? #야구 #KBO #스포츠,79597,"Mar 28, 2026"
벌금 500만 원부터 징역까지? 실제 유죄 확정된 연예인 TOP 10 #연예인 #연예계소식,80182,"Mar 15, 2026"
"562만 vs 106만, 누가 더 벌었을까? 2025 영화 손익분기점으로 본 결과 #영화 #손익분기점 #연예인",79547,"Feb 6, 2026"
"그때 그 시절, 우리는 영웅이라 불렀다. 우승 반지 8개라는 '불멸의 기록' #KBO #야구 #최형우",75700,"Feb 4, 2026"
"""본업보다 짭짤할까?"" 연예인 식당 하루 매출 TOP 9 #연예인 #연예계소식 #연예인식당",78576,"Feb 2, 2026"
"""폭행으로 기소·벌금형·훈방까지?"" 폭행 논란으로 보도된 스타 TOP10 #연예인 #연예계소식",79316,"Mar 26, 2026"
99%가 착각한다는데.. 과연?? 방송국 관계자도 헷갈린 도플갱어 2탄 #연예인 #연예계소식 #도플갱어,59499,"Feb 21, 2026"
집행유예부터 실형 확정까지? 유죄 판결 연예인 TOP 10 #연예인 #연예계소식,74272,"Feb 22, 2026"
잔고 487원에서 건물주까지? 몸값 100배 뛴 아이돌 출신 배우들 #연예인 #연예계소식 #수지 #윤아,62360,"Feb 12, 2026"
연봉 100억 국대 골키퍼 잡은 모델? 2026년 핫한 스포츠 스타 부부 근황 #연예인 #연예계소식 #스포츠,71452,"Feb 20, 2026"
연예계 최상위 금수저…재벌가 출신 스타는 누구? #연예인 #금수저 #재벌가 #가족관계 #연예인정보,77039,"Dec 12, 2025"
"""회당 500만에서 1억 5천된 배우는?"" OTT 화제작 이후 몸값 폭등 TOP 10",75670,"Apr 2, 2026"
"전 세계 국가별 인지도 1위. 일론 머스크, 오타니 ""한국은..?"" #세계이슈 #일론머스크  #오타니 #이정재 #랭킹",63363,"Jan 27, 2026"
A매치 최장 출전 1등이 19년? 축구 A매치 최장 출전 격차 공개 #축구 #K리그 #A매치,63140,"Feb 16, 2026"
아이돌 출신이 '라이징 배우' 2위? 충격의 브랜드 평판 지수 TOP 10 #연예인 #연예계소식,54163,"Feb 25, 2026"
"""누군 100억 벌고, 누군 조용히 사라졌다?"" 2024 파리 영웅들의 2026년 근황 #올림픽 #스포츠 #근황",68922,"Feb 5, 2026"
"""이 정도면 드라마가 소개팅 맛집?"" 드라마가 맺어준 현실 부부 TOP 11 #연예인 #연예계소식",70974,"Mar 14, 2026"
"""영구제명부터 실형 확정까지"" KBO 승부조작·도박 연도별 정리 #KBO #야구 #롯데",69260,"Feb 13, 2026"
"""국내 1호 사이버트럭의 주인공은?"" 스타들의 슈퍼카 자산 순위 TOP10 #연예인 #연예계소식",63560,"Mar 24, 2026"
"""양의지는 0 050, 최정은 519호?"" KBO 연봉 TOP10의 엇갈린 초반 성적 #야구 #KBO",64608,"Apr 3, 2026"
18살에 158억?? 대한민국 0.1% 금수저 주식 TOP 11 #재벌3세 #경제 #금수저,56188,"Jan 18, 2026"
"홍명보 ""전술 수정하기엔 시간 짧아"" 오스트리아전 손흥민·이강인 내세우고도 0골",52523,"Apr 1, 2026"
강의실에 톱스타가 떴다? 강단 선 스타 교수님 TOP 13  #연예인 #연예계소식,63823,"Jan 10, 2026"
무대 오르기 전엔 이 일을 개그맨 이색 전직 TOP10 #연예인 #연예계소식,61158,"Jan 14, 2026"
대중에게 큰 화제가 됐던 사생활 공개 이슈 정리 #연예인 #연예계소식,65892,"Jan 12, 2026"
"""면허 취소됐는데 엄마 차를 몰았다고?"" 무면허 운전·음주 스타 TOP 7 #연예인 #연예계소식 #남경주",57508,"Mar 12, 2026"
여배 최고 연봉 8억... 공동 1위 누구? 25-26 여자배구 연봉 순위 TOP10 #스포츠 #배구,52885,"Mar 3, 2026"
한 번의 캐스팅이 만든 3조원 짜리 갈림길 TOP10 #연예인 #연예계소식,62799,"Jan 10, 2026"
"""BTS, TOP10에도 못 들었다?"" 한국 콘서트 역대 관객 TOP10 #연예인 #연예계소식 #BTS",56347,"Mar 20, 2026"
현실 '재벌집 막내아들' 실사판! 연예계 '찐' 로열패밀리 TOP 10 #연예인 #연예계소식,62899,"Jan 20, 2026"
공권력 조롱하다 '인생 거덜 난' 112 허위 신고 배상액 TOP 10 #랭킹,50934,"Feb 12, 2026"
수능 0.1% 찍고 돌연 데뷔? 전교 1등 출신 스타 TOP 10 #연예인 #연예계소식,66304,"Jan 13, 2026"
비트코인 170억은 명함도 못 내민다? 10년 전 1억 지금은..?! #경제 #가치 #재테크,55061,"Jan 16, 2026"
이정재 18살 차이는 애교? 드라마 속 상상초월 상대역 실제 나이차이 #연예인 #연예계소식 #드라마,58247,"Jan 16, 2026"
2000억을 가른 선택?! 원래 주인은 따로 있었다! #연예인 #연예인소식 #한국영화,58791,"Dec 31, 2025"
아이돌 걸그룹 1인당 연 150억? 2026 여돌 정산금 랭킹 TOP 10 #연예인 #연예계소식 #아이돌 #블랙핑크,55541,"Feb 15, 2026"
"""유연석은 지게차, 박보검은 이발사?"" 반전 매력 연예인 자격증 TOP 10 #연예인 #연예계소식",56663,"Mar 21, 2026"
이대로 나왔어도 대박 났을까? 상상만 해도 지리는 역대급 가상 캐스팅 #연예인 #캐스팅 #영화,54750,"Feb 17, 2026"
시청률 65%? 이게 진짜야? 역대 한국 드라마 시청률 TOP 10  #연예인 #연예계소식 #드라마,59371,"Jan 17, 2026"
진정한 승자는 따로 있다..?  역대 한국 영화 흥행 성적표 #연예인 #영화 #흥행순위 #황정민 #오달수,57602,"Jan 31, 2026"
2026 올해는 기대해도 되나요? KBO 구단별 유망주 리스트 #야구 #KBO #유망주,48858,"Feb 11, 2026"
"""회당 250만에서 지금은 1억 5천?"" 응답하라 1997 출연진 몸값 TOP10 #연예인 #연예계소식",58472,"Apr 8, 2026"
1년에 3억 8천만 개 판매라고? 대한민국 라면 서열 1위는? #라면 #음식 #랭킹,54024,"Jan 21, 2026"
복싱 금메달 리스트가 배우? 운동선수 출신 스타 TOP 10 #연예인 #연예계소식,57405,"Jan 20, 2026"
'구하라법'부터 '차은우방지법'까지 연예인 이름 붙은 법 TOP 9 #연예인 #연예계소식,53012,"Mar 12, 2026"
"""차은우 130억 완납 후 사과문?"" 가족·1인기획사 논란 연예인 TOP10  #연예인 #연예계소식",56635,"Apr 9, 2026"
천만영화 기록 '기생충' 다음은 '왕사남'? 역대 한국 영화 흥행 순위 TOP 10 #영화 #천만영화 #왕사남,51863,"Mar 7, 2026"
“올림픽 데뷔와 동시에 연금 만점” 역대 올림픽 괴물 신인 TOP 10 #올림픽 #스포츠 #메달,50079,"Feb 4, 2026"
10만장 팔린 유니폼의 주인공은? KBO 유니폼 판매왕 순위 총정리 #야구 #kbo #야구선수,46052,"Jan 30, 2026"
"출연료는 껌값? 자산1,500억 연예계 부동산 서열 TOP10 #연예인 #부동산 #재테크 #비김태희 #전지현 #서장훈",49524,"Dec 24, 2025"
연기만 하는 줄 알았는데 음원 대박? 배우들의 역대급 음원 수익 TOP 10 #연예인 #연예계소식,47229,"Feb 13, 2026"
"""파묘 vs 전지적 독자 시점 ㄷㄷ"" 2026 설 연휴 영화 편성표 1탄 #편성표 #설연휴",48724,"Feb 13, 2026"
"""TOP 복귀하자마자 7곡 부적격?""서태지·양희은까지 KBS 금지곡 #빅뱅 #연예인 #연예계소식",53606,"Apr 8, 2026"
"내야 핵심 김하성, 송성문 제외? 2026 WBC '불발' 충격의 10인 #야구 #KOB #WBC",51251,"Feb 12, 2026"
월매출 잭팟이네? 연예인 사업 매출 순위 TOP 9 #연예인 #연예계소식,53525,"Jan 8, 2026"
누가 마지막까지 살아남을까끝까지 살아남을 캐릭터 TOP 10 #연예인 #영화 #드라마,40170,"Feb 16, 2026"
"""안성재와 백종원 누가 더 받을까?"" 흑백요리사 1·2 출연료 TOP 10 #연예인 #연예계소식",48723,"Apr 12, 2026"
"메가커피 4,000개의 공포.. 전국 커피 브랜드 매장 수 TOP 10 #커피 #프랜차이즈 #카페 #랭킹",49662,"Jan 23, 2026"
"""홍명보 20억대, 히딩크보다 높다?"" 역대 축구 국대 감독 연봉 TOP 10 #축구 #스포츠",47128,"Apr 2, 2026"
KBO 여기 전부 155km 이상? 2026 광속구 파이어볼러 TOP 10 #야구 #KBO,43955,"Feb 17, 2026"
논란 해명 후 활동 공백 최대 24년? 연예계 논란의 해명 발언 TOP9 #연예인 #연예계소식,50121,"Feb 23, 2026"
삼성·LG 퇴사 하고 '인생 역전'억대 연봉 포기하고 대박 난 스타 #연예인 #연예계소식,50232,"Feb 3, 2026"
"""단 104점 차이로 갈린 운명"" 100만표 터진 미스트롯4 충격 순위 #연예인 #미스트롯",40097,"Feb 27, 2026"
"국적을 바꾼 선택, 그 이유는? 한국을 떠나 다른 길을 택한 스타들 #연예인 #연예계소식 #스포츠 #귀화 #유승준 #안현수 #올림픽",54109,"Feb 5, 2026"
"""직장인에서 광고 400편 찍는 배우로?"" 광고 한 편으로 얼굴 알린 스타들 #연예인 #CF #광고",45582,"Mar 16, 2026"
1년에 얼마나 손해 보고 있는지.. 충격 #재정팁 #돈관리,48317,"Feb 2, 2026"
치킨 서열 1위가 바뀌었다? 대한민국 치킨 브랜드 매출 TOP 10 #치킨 #배달,40296,"Jan 3, 2026"
'골때리는그녀들' 경기당 1골? 사오리도 못한 기록 세운 10위의 정체 #연예인 #축구 #풋살,44175,"Feb 26, 2026"
"""공유가 원래 Mnet VJ였다고?"" 이전 이력이 의외인 스타 TOP 10 #연예인 #연예계소식",43226,"Apr 1, 2026"
"""방송에선 내 브랜드, 이슈 생기면 해명?"" 연예인 외식사업 이슈 TOP 10 #연예인 #연예계소식 #이장우",50952,"Mar 17, 2026"
"""끝난 줄 알았는데 복귀 성공?"" 다시 정상 오른 스타들 TOP 10 #연예인 #연예계소식",48537,"Mar 26, 2026"
본명이 훨씬 좋잖아 트로트 스타 본명 및 대표곡 #연예인 #트로트 #트로트가수,47863,"Jan 7, 2026"
사랑한다면 코 막지 말고 체크하기! 9가지 방구 냄새 시그널 #생활정보 #생리현상 #정보,41204,"Jan 23, 2026"
"""외인 투수 선발 속, 토종은 구창모뿐?"" 2026 KBO 개막전 선발 투수 #야구 #KBO",38279,"Mar 27, 2026"
통계가 말해주는 소름 돋는 심리 순위인간이 느끼는 스트레스 끝판왕 #스트레스 #심리,43708,"Jan 28, 2026"
"2014년 이후, CEO 1위 대학은 그대로? #대기업#CEO#대학교#기업데이터#순위비교",38184,"Dec 19, 2025"
제주도가 1위가 아니라고?2026 설연휴 항공권 예매율 1위는? #여행 #연휴 #제주도 #일본,38961,"Jan 27, 2026"
"""1위는 주 400번 넘게 틀어준다고?"" 재방송 최강 프로그램 TOP 10 #연예인 #연예계소식 #tv",39213,"Mar 27, 2026"
"주병진은 연하 커플, 백지연은 재벌가 사돈그 시절 예능쇼 MC들 근황 TOP10 #연예인 #연예계소식",47191,"Mar 20, 2026"
"""전지현 1500억, 김희애 500억?"" 부동산 재벌급 연예인 TOP 10 #연예인 #연예계소식",40899,"Mar 21, 2026"
손흥민이 4위라고? 1위는 누구? 2026년 광고계 권력 서열 TOP 10 #연예인 #연예계소식,39043,"Mar 6, 2026"
"""전지현·강동원·공유도 원래 모델?"" 배우 전향 후 더 성공한 스타 TOP10 #연예인 #연예계소식",41157,"Apr 6, 2026"
"""이병헌 50억도 9위?"" 연예계 역대급 사건 금액 TOP10 #연예인 #연예계소식",43708,"Mar 21, 2026"
조정석·유아인도 군대 면제 스타들 군 면제받은 진짜 이유 #연예인 #연예계소식,44913,"Jan 19, 2026"
S대도 못 비빈다? 세계 명문대 출신 스타 TOP10 #연예인 #연예계소식,43018,"Jan 7, 2026"
90년대 이영애 vs 2026 아이유… 참이슬 대표 모델은 누구? #연예인 #광고,39473,"Mar 4, 2026"
한 해 예산만 48조라고? 전국 지자체 예산 TOP 10 #경제 #지자체 #예산관리 #랭킹,37748,"Jan 21, 2026"
"최단신 163cm인데, WAR 5.5? 2026 KBO 현역 최단신 라인업 #야구 #KBO",36614,"Feb 18, 2026"
연예인 아파트 1위는 누구? 2026년 기준 공시가 TOP 10  #연예인 #연예계소식 #부동산,45845,"Jan 21, 2026"
"""원래 캐스팅이 아니었다고?"" 대타 배우 레전드 캐스팅 TOP 10 #연예인 #연예계소식",45692,"Apr 12, 2026"
이효리가 늙지 않는 진짜 이유 연예계 채식 스타 TOP11  #연예인 #연예계소식 #비건,38958,"Jan 12, 2026"
"금·은·동 총합 기준, 올림픽 메달로 본 대한민국 스포츠의 전설적인 기록 #올림픽 #스포츠 #금메달 #양궁 #빙상",44093,"Feb 5, 2026"
2008 베이징 vs 2026 WBC 연봉 비교! 연봉은 무려 200배 차이? #KBO #wbc #노시환,40992,"Feb 23, 2026"
"마석도 vs 조헌, 누가 더 쎌까? 끝까지 살아남을 캐릭터 TOP 10 #연예인 #드라마 #영",37975,"Feb 10, 2026"
데뷔작은 단편… 지금 회당 2억? 전설의 한예종 10학번 기수 TOP10 #연예인 #연예계소식,41427,"Feb 25, 2026"
"""리그 우승하고도 결과는 경질?"" 한국 스포츠 충격의 감독 경질 TOP10 #스포츠 #야구 #축구 #배구",40631,"Mar 26, 2026"
"시급으로 따지면 3,105,022원? 2026 축구 연봉 서열 TOP 10 #축구 #김민재 #손흥민 #황희찬",38859,"Feb 14, 2026"
단순 실수라기엔 액수가..? 톱스타 세금 스캔들 TOP 9 #연예인 #연예계소식 #차은우 #송혜교,37945,"Jan 24, 2026"
나보다 형님이었어? 대한민국 장수 과자 서열 TOP 10 #과자 #장수식품 #랭킹,36832,"Jan 25, 2026"
세기의 커플에서 진흙탕 소송전까지  충격이었던 연예인 이혼 TOP 10,42971,"Mar 5, 2026"
배구계 '아이돌 비주얼' 총출동여자 배구 비주얼 1티어 누구 #스포츠 #배구 #여자배구,33013,"Feb 2, 2026"
송강호가 영화 [변호인]에서 고기를 한 점도 안 먹은 진짜 이유 #연예인 #연예계소식 #비건 #송강호,38272,"Jan 12, 2026"
"25년 수입차 판매 순위, 테슬라의 무서운 추격?? #수입차#자동차시장#판매순위#테슬라#BMW",33962,"Dec 22, 2025"
8년 만에 226조 늘렸다고? 대기업 자산 성장 TOP10 #대기업 #ceo #경제,36955,"Jan 14, 2026"
일본 코치행보다 놀라운 이승엽의 투자. 스포츠 레전드 부동산 자산 TOP 10 #스포츠 #이승엽 #손흥민 #서장훈,41382,"Feb 4, 2026"
남미 14년 경력 vs 독일 세미프로? '뭉쳐야 찬다4' 역대급 실력 서열 #연예인 #축구,31272,"Feb 26, 2026"
"""인스타에 사진 1장 올리면 50억?"" 축구선수 인스타 홍보 단가 TOP10 #스포츠 #호날두 #메시",35759,"Apr 7, 2026"
바퀴벌레 단칸방에서 130억 현금 플렉스? 스타들의 첫 자취방 vs 현재 집 TOP 10 #연예인 #연예계소식,41411,"Mar 14, 2026"
1회 선제 3점 리드에도 6-8 아쉬운 역전패.. 하지만 빛났던 캡틴 이정후와 오타니의 스포츠맨십,28123,"Mar 8, 2026"
OST 노래 한 곡으로 600억? 대한민국 역대 드라마 OST 매출 #드라마 #ost #랭킹,36710,"Feb 1, 2026"
"""이상민 69억보다 많았다?"" 사업 실패 연예인 TOP 10 #연예인 #연예계소식",40332,"Mar 22, 2026"
삼성이 첫 직장이 아니었다 재벌 회장님들의 반전 커리어 #대기업 #회장 #경제,39367,"Jan 14, 2026"
"""장기 공백 vs 글로벌 흥행?"" 2017 입대 스타, 8년 뒤 대역전 #연예인 #연예계소식",36976,"Apr 10, 2026"
흑백요리사 박은영·정지선 쌍둥이? 방송계 쌍둥이 완벽 정리 #연예인 #연예계소식 #쌍둥이 #흑백요리사,39674,"Jan 22, 2026"
능력녀 끝판왕? 연예계 연상연하 커플 TOP 12 #연예인  #연예계소식,36644,"Jan 8, 2026"
10번 출전해서 금메달만 7번? 여자 쇼트트랙 올림픽 히스토리 #올림픽 #스포츠 #쇼트트랙,41985,"Feb 19, 2026"
"가시vs겁쟁이, 눈의 꽃vs야생화. 가수들의 대표곡은 과연? 당신의 선택은? #연예인 #대표곡 #가수",34831,"Jan 24, 2026"
"""99년생이 데뷔 18년 차 중견급?"" 아역 출신 현역 스타 몸값 TOP10 #연예인 #연예계소식",35487,"Apr 14, 2026"
"내 보험금, 받을 수 있을까 보험사 부지급률 비교 정리 #보험 #보험정보 #꿀정보",33097,"Jan 15, 2026"
"흑백요리사 2 ""누가 제일 형이야?"" 알고 보면 충격적인 나이 서열 #흑백요리사 #흑백요리사2 #임성근 #방송",33883,"Jan 21, 2026"
퇴직금도 아닌데 193억?! 한국 재벌 CEO 연봉 순위 공개 #재벌연봉 #CEO보수 #한국경제 #재계순위 #경제정보,31953,"Dec 12, 2025"
"""원빈이랑 데프콘이 동갑?"" 2026년 50세 된 77라인 스타들 #연예인 #연예계소식",31803,"Feb 15, 2026"
"담배연기 얼굴에 뿜고, 술잔 투척까지? 갑질 폭로로 흔들린 스타 TOP10 #연예인 #연예계소식",38226,"Mar 30, 2026"
"""잘 나가다가 도대체 왜 그랬나?"" 정상에서 추락한 스타들 TOP10 #연예인 #연예계소식",35951,"Apr 12, 2026"
시간이 지나도 계속 언급되는 연예계 전설의 저격전 TOP 10 #연예인 #연예계소식,34228,"Jan 26, 2026"
움직이는 빌딩  100억 짜리 성대? 연예인 신체 보험 TOP 9 #연예인 #연예계소식,31075,"Jan 20, 2026"
"""2026 밀라노, 이번엔 누구 차례?"" 한국 동계올림픽 레전드 요약 #올림픽 #스포츠",35774,"Feb 9, 2026"
제주도가 서울 송파보다 더 위? 전국 편의점 점포 수 서열 TOP 10 #편의점 #서열 #지역분석,28810,"Jan 23, 2026"
제목 때문에 안 볼 뻔 영화 제목 초월번역 TOP 10 #영화 #번역 #랭킹,34822,"Jan 17, 2026"
"차트아웃… 2,600일 뒤 1위? 7년 버티고 차트 씹어먹은 역주행 서열 #연예인 #연예계소식",27916,"Feb 20, 2026"
한 학교에서만 프로 162명? KBO 역대 명문고 서열 TOP 10 #야구 #KBO,33397,"Feb 16, 2026"
"손흥민 2,500억 vs 김연아 1,000억. 종목별 '누적 몸값' 끝판왕 명단 #스포츠 #손흥민 #김연아 #연봉",33306,"Jan 31, 2026"
요즘 드라마는 꿈도 못 꿈; 역대 드라마 최다 방영 TOP 10 #드라마 #옛날드라마 #기록 #랭킹,31866,"Jan 25, 2026"
"""조카 입양부터 가장 역할까지?"" 가족의 버팀목이 된 연예인 TOP10 #연예인 #연예계소식",34185,"Mar 23, 2026"
독일한테 지더니 인도한테까지? 일본 경제 사상 초유의 굴욕 #경제 #gdp,29963,"Jan 13, 2026"
"""임영웅, 손흥민이랑 조기축구?"" 축구 좀 찬다고 알려진 스타 TOP10 #연예인 #스포츠 #축구",32359,"Mar 18, 2026"
"연예인 이후 프로 카레이서에, 무당? 제2의 인생 찾은 반전 스타 TOP 10 #연예인 #연예계소식",31981,"Jan 27, 2026"
"야구 몰라도 이 얼굴은 안다고? 여성 팬 입문 1위, 미남 야구선수들 #야구 #kbo #야구선수",26671,"Jan 30, 2026"
메이저리거 연봉 300억 실화? 한국인 역대 계약금 순위 TOP10 #야구 #kbo #메이저리그,29130,"Jan 30, 2026"
임시완이랑 유병재가 친구? 스타들의 반전 동갑내기들 #연예인 #연예계소식,27730,"Jan 19, 2026"
8라운드 선수가.. 지금 FA 누적 277억? KBO 스카우트 인생 역전 명단 #야구 #KBO,30229,"Feb 24, 2026"
"""22시 이제훈 맞대결?"" 탈주 vs 소주전쟁. 2026 설 연휴 영화 편성표 2탄 #설연휴 #영화 #편성표",29287,"Feb 14, 2026"
[2026 최신] 국민연금 수령 시작 연령표 (62년생~72년생) #국민연금 #연금 #정부 #정책,27971,"Jan 5, 2026"
"WBC 연습경기 과연 결과는? 대표팀 vs 삼성, 3:4 충격 역전패 분석 및 정리 #KBO #WBC #야구 #삼성라이온즈",28194,"Feb 20, 2026"
디아즈·최형우·김영웅 ㄷㄷ 삼성왕조 재건? 2025 KBO 홈런왕 TOP 10 #야구 #KBO #스포츠,30616,"Feb 13, 2026"
"""클래스는 영원하다"" 20년 지나도 변치 않는 레전드 존재감의 여배우들 #연예인 #연예계소식 #여자배우",28383,"Feb 6, 2026"
한국 WBC 17년 만에 8강! 호주 7:2 완파! #wbc #스포츠 #야구 #문보경,23344,"Mar 10, 2026"
초구부터 풀스윙 공보면 일단 스윙! 2026 KBO 타자들 스윙 점유율 서열 #야구 #KBO,24923,"Feb 17, 2026"
등록금 살살 녹는 떼창의 향연! 대학교 축제 가수 개런티 #연예인 #연예계소식 #대학교,25383,"Jan 31, 2026"
한국에서 가장 많이 팔린 LP 1위는? 대한민국 역대 LP 판매량 TOP 10 #연예인 #가수 #lp,27559,"Feb 1, 2026"
한국이 세계 3위? 암 치료 받으러 미국 안 가도 되는 이유 #한국 #병원,26098,"Jan 15, 2026"
"처참하게 무너진 ""홍명보호 스리백"" 코트디부아르에 빅찬스 7회 허용? #홍명보 #축구 #월드컵",20933,"Mar 29, 2026"
2023 vs 2026 노경은부터 정우주까지! WBC 국대 나이 변화 총정리 #야구 #KBO #WBC #스포츠,28970,"Feb 11, 2026"
안 먹어보면 평생 후회한다고? 지역별 양념치킨&닭강정 성지 #치킨 #닭강정 #전국구 #랭킹,24872,"Jan 28, 2026"
가장 잘 어울렸던 소주 모델은 누구? 역대 소주 모델 여자 연예인 TOP 10 #연예인 #광고,26767,"Mar 3, 2026"
지금 이 노래 착붙아냐? 노래 운명 역전 TOP10 #연예인 #연예계소식,28772,"Jan 12, 2026"
여러분의 인생 양념치킨은? 대한민국 양념치킨 서열 TOP 10 #치킨 #양념치킨 #랭킹,24672,"Jan 28, 2026"
"""200승 vs 550홈런 vs 2500경기??""2026 KBO 주요 기록 도전자 TOP10 #양현종 #최형우 #최정 #KBO #야구",31806,"Mar 28, 2026"
2025 연기대상은 누구? 방송 3사 역대 연기대상 (2016~2025) #연예인 #연예계소식 #연기대상,29960,"Jan 5, 2026"
리모컨 박살 낼 뻔한 주범들역대급 킹받는 K 악역 TOP 10,25128,"Feb 17, 2026"
연예인에게 가능했던 80% 대출? 연예계 '갓물주' TOP 8  #연예인 #연예계소식 #부동산,27055,"Jan 22, 2026"
"국민 엄마, 국민 아빠 누구? 역할별 캐스팅 0순위 양대산맥 #연예인 #연예계소식",27064,"Jan 28, 2026"
"""위스키 판매 1위...이거라고?"" 2026 국내 판매 순위 총정리 #위스키 #순위",24923,"Feb 22, 2026"
1억은 시작일 뿐 초록우산 '수억'쾌척한 기부천사 스타들 #연예인 #연예계소식 #기부,23872,"Jan 12, 2026"
나이키가 40조? 2위와 격차가 2배! 전 세계 스포츠 브랜드 매출 순위 #스포츠 #나이키 #아디다스,24844,"Mar 1, 2026"
판·검사부터 한의사까지 '사'자 직업과 결혼한 스타 TOP10 #연예인 #연예계소식,26954,"Jan 9, 2026"
"""투표 조작에 역사 왜곡까지?"" 논란 끝에 사라진 방송 TOP10 #연예인 #연예계소식",29425,"Apr 10, 2026"
"""100억 빌딩주 vs 건보료 독촉"" 아나운서 프리 전향 이후 소름 돋는 몸값 격차 #연예인 #연예계소식 #아나운서 #전현무 #김성주 #장성규 #김대호",27494,"Feb 5, 2026"
내가 보던 웹툰이 사실 수천억대? 판권료 잭팟 터진 웹툰 리스트 TOP 10 #웹툰드라마 #랭킹,23380,"Mar 2, 2026"
상위 2% 진짜 천재? 멘사 정회원 연예인 TOP 10 #연예인 #연예계소식,25159,"Dec 31, 2025"
한국 인구의 10%가 해외에? 국가별 이민 규모 서열 TOP 10 #이민생활 #한국,24637,"Jan 24, 2026"
"""LG 414만 vs 삼성 383만?"" 최근 3년 KBO 관중 순위 총정리 #야구 #KBO",24730,"Mar 23, 2026"
WBC 8강 한국 0:10… 7회 콜드게임 충격패 #야구 #wbc #kbo #도미니카,18919,"Mar 14, 2026"
"일본, 중국 제치고 '세계 1위' IQ 106 97로 세계 정점 찍었다! #아이큐 #IQ #일본",19205,"Feb 14, 2026"
최고 기록이 무려 38년? 대한민국 장수 광고모델 TOP 11 #연예인 #연예계소식 #광고모델,24906,"Jan 25, 2026"
회당 10억 출연료는 껌값? 대한민국 수입 0.1% 스타들 #연예인 #스포츠  #연예계소식,24055,"Jan 29, 2026"
MZ세대가 꼽은 최악의 '정떨어지는' 회사 TOP 10 #mz세대 #순위,22689,"Jan 11, 2026"
"""2026 KBO 프리뷰! LG가 1위?"" 이준혁·이순철 위원의 순위예측 #kbo #스포츠 #야구",21665,"Mar 19, 2026"
풋살 현역 최고령이 78년생? '골때리는 그녀들' 충격의 나이 서열 #연예인 #축구 #풋살 #골때녀,22882,"Feb 26, 2026"
건강식인 줄 알았는데… 오히려 독이 되는 음식 조합들 #건강상식#음식궁합#식습관관리#영양정보#생활정보,25048,"Dec 17, 2025"
"우리 동네 홈플, 내일 가면 없을지도? 전국 홈플러스 폐점 상황 정리 #홈플러스 #마트",25455,"Feb 3, 2026"
"""카톡·영상·소송까지 터졌다?"" 폭로전으로 번진 스타 파경 TOP 10 #연예인 #연예계소식",24233,"Apr 13, 2026"
"교촌 매출이 무려 연 5,000억! '대구 출신' 프랜차이즈 TOP 10 #프랜차이즈 #교촌 #요식업",16993,"Feb 25, 2026"
WBC 두번째 연습경기! 대표팀 vs 한화 이글스 결과는? #야구 #KBO #WBC,18823,"Feb 21, 2026"
범죄 및 사회적 물의로 '손절'당한 스타 TOP11 #연예인 #연예계소식 #조진웅 #박나래,21946,"Jan 9, 2026"
BTS부터 이찬원까지?! 연예인 가족 대박집 TOP 10 #연예인 #연예계소식,22903,"Jan 5, 2026"
"""부모님은 안 먹어도 배부르실 듯"" 대한민국 스포츠 형제/자매 스타 #스포츠 #스타",21430,"Feb 1, 2026"
"인구 감소 시대... 소멸 공포 속, 2047년까지 버틸 도시 TOP15 #대한민국 #도시",19678,"Feb 28, 2026"
2026년 대박 손자·손녀 아기 이름 인기 TOP15 #아기 #아기이름,18293,"Jan 8, 2026"
상속 포기액만 450억? 엘리트·금수저 스타 TOP10 #스타 #연예인 #연예계소식,20440,"Jan 5, 2026"
생방송 중 알몸 노출 전국 송출? 방송국 뒤집어진 역대급 사고 TOP 10 #연예인 #방송국 #방송사고,20926,"Feb 27, 2026"
뉴스에선 잘 안 알려주는 지원 정책 한 번에 보기 #지원정책정리#알아두면도움#생활정보#정책한눈정리#저장용정보,20613,"Dec 20, 2025"
"""사랑방 손님에서 케데헌까지?"" 한국 관련 오스카 주요 순간 TOP 10 #오스카 #케데헌 #한국",20036,"Mar 18, 2026"
전주만 들어도 소름 돋음; 가수별 영혼의 라이벌 곡 TOP 12 #연예인 #가수 #대표곡,18447,"Jan 26, 2026"
"자산이 무려 1,200억…연예인 부동산 1위는? #연예인 #부동산 #강남 #청담동 #건물주",19073,"Dec 11, 2025"
최현석부터 '맛피아'권성준까지... 냉부해2 셰프들 놀라운 과거 사진 #냉부해 #흑백요리사 #셰프,18392,"Mar 6, 2026"
"""119 신고부터 전재산 40%까지?"" 연예계 진짜 의리 스타들 TOP 10 #지예은 #연예인 #연예계소식",20378,"Apr 15, 2026"
전국 노래자랑이 1등이야? 대한민국 장수 프로그램 TOP 11 #연예인 #연예계소식 #방송 #프로그램,17918,"Jan 25, 2026"
"싱가포르 11억, 미국 5,200만... 21배 차이? 국가별 금메달 보너스 TOP10 #올림픽 #금메달",17882,"Feb 13, 2026"
100억 부자 싫다더니.. 차은우 200억 탈세 의혹 논란 타임라인 #연예인 #연예계소식 #차은우 #탈세 #세금,16204,"Jan 24, 2026"
2025년 우리가 가장 사랑한 스포츠 스타 TOP13 #스포츠 #스포츠선수 #축구 #야구,14303,"Dec 24, 2025"
메시보다 높다고? 글로벌 탈세 서열 9위 등극한 한국 톱스타의 반전 #연예인 #연예계소식 #차은우 #탈세,15034,"Jan 23, 2026"
"""440억 넘게 썼는데 9위?"" KBO 구단별 FA 투자와 성적 비교 #야구 #kbo #스포츠",15260,"Mar 24, 2026"
기생충 vs 괴물 올드보이 vs 신세계배우별 필모그래피 끝판왕 대결 #연예인 #필모그래피 #영화,16184,"Jan 26, 2026"
"""박승규가 포기한 대기록?"" KBO 역대 사이클링히트 TOP10 #KBO #야구 #스포츠",16075,"Apr 15, 2026"
이거 보여드리고 여행 가세요! 효도 여행 금지어 리스트 #부모님 #가족여행 #랭킹,14293,"Jan 21, 2026"
"""이거 아직 안 받으셨어요?"" 신청만 하면 들어오는 숨은 돈 #환급금 #숨은",13747,"Feb 2, 2026"
행사 한 번 뛰고 얼마 받을까? 트로트 스타 행사비 서열 TOP 10  #연예인 #연예계소식 #트로트,13247,"Jan 29, 2026"
재미로 보는 잘못 건드리면 인생 피곤해지는 띠 1위는?? #띠순위 #12간지,13948,"Jan 15, 2026"
매출이 3조?! 서울·경기 외식업계 매출 TOP10 #프랜차이즈 #매출,14374,"Jan 2, 2026"
"""유재석 잇몸 가출 주의 ㅋㅋㅋ"" 유재석 찐웃음 유발자들 TOP 9 #연예인 #유재석 #이광수 #박명수",11565,"Jan 28, 2026"
WBC 연습경기 한화 2파전! 대표팀 vs 한화 이글스 연습경기 2차전도 역전승! #야구 #KBO #WBC,10468,"Feb 23, 2026"
"""서울 스파 vs 부산 부일카"" 전국 로또 명당 TOP 10 #로또 #로또1등 #로또당첨",11449,"Jan 28, 2026"
재치꾼 vs 리액션 장인 띠별로 알아보는 유머스타일 #띠순위 #12간지 #유머,11632,"Jan 15, 2026"
올해는 누구? 2015vs2025 KBO 국내 타자 구단별 타선 세대교체 #kbo #야구,11855,"Jan 17, 2026"
10년 버티니 900억 잭팟? 톱스타 빌딩 투자 시세차익 TOP 10 #연예인 #스포츠 #부동산,10775,"Feb 24, 2026"
"""살목지, 곤지암 넘을 수 있을까?"" 한국 공포영화 역대 흥행 TOP10",10889,"Apr 13, 2026"
“한 편 찍고 15억까지?” 드라마 회당 출연료 TOP 순위를 공개합니다. #드라마출연료#연예인몸값#OTT드라마#회당출연료#드라마비하인드,9756,"Dec 17, 2025"
"대한민국 ""0.01%의 영광"" 은퇴 투어 허락받은 단 7명의 위엄 #은퇴투어 #스포츠 #김연경 #이대호 #은퇴",10927,"Feb 1, 2026"
"""아니 돈을 얼마나 써야 인싸 됨?"" 장비빨 세우다 지갑 녹는 취미는? #취미 #풋살 #골프 #캠핑",9996,"Feb 11, 2026"
지금 당장 버려야 할 금융 습관. 안 바꾸면 계속 돈 새는 행동들 #경제 #재테크 #습관,9300,"Feb 3, 2026"
무한도전 팬들이 직접 뽑은 다시 보고 싶은 에피소드 TOP10 #무한도전 #예능 #랭킹,8037,"Jan 18, 2026"
제2의 전성기 만드는 노후 대비 자격증 TOP10 #자격증 #미래,8262,"Jan 6, 2026"
K리그·국대 레전드 축구선수 출신! 최근 지도자 근황 및 직책 정리 #스포츠 #축구 #국대 #월드컵,8817,"Mar 7, 2026"
관객들 동시에 탄식한 장면? 영화 속 민폐 캐릭터 TOP 10 #연예인 #연예계소식 #영화,8578,"Feb 12, 2026"
장나라랑 정만식이 동갑이라고? 연예계 의외의 동갑내기들 3탄  #연예인 #연예계소식,7660,"Feb 9, 2026"
대한민국 삶의 질 1등은 어디살기 가장 좋다는 도시 TOP 10 #대한민국 #도시 #랭킹,7168,"Jan 29, 2026"
"마시멜로가 50,000원 두쫀쿠가 만든 미친 물가 #두쫀쿠 #두바이 #두바이쫀득쿠키",6137,"Jan 16, 2026"
"""Mother fu...""이 어머니..? 영화팬들 탄식한 역대 오역 자막 #영화 #자막 #랭킹",7076,"Jan 17, 2026"
2025년 연예 대상은 누구?? 방송 3사 역대 연예대상 수상자 (2016~2025),5681,"Jan 5, 2026"
행복 야구? 그딴 건 없다! 야구 팬들이 항상 화나있는 이유 #kbo #야구 #한화이글스 #삼성라이온즈,5011,"Jan 21, 2026"
"이름 뒤에 숨겨진 거룩한 빛, 여자 연예인 세례명 총정리 #연예인 #연예계소식 #천주교",4364,"Jan 9, 2026"
당신의 직업은 안전한가요? AI로 대체 중인 전문직 서열 #ai #직업 #랭킹,3694,"Jan 21, 2026"
전국편 매출이 무려 600억?! 고속도로 휴게소 매출 TOP10 #매출 #대한민국,2929,"Jan 3, 2026"
이 둘이 한 가족이라고? 친척·사돈인 연예인 TOP10  #연예인 #연예계소식,3151,"Jan 8, 2026"
한 번 먹으면 끊기 힘든 이유 중독성 갑인 음식 순위 TOP10 #음식 #중독성,3102,"Jan 15, 2026"
혈압 주의! 출퇴근길 평화를 파괴하는 소름 돋는 민폐 빌런들 #빌런 #매너 #생활정보 #랭킹,2808,"Jan 21, 2026"
걸어 다니는 중소기업? 2026년 진짜 트로트왕은 누구? #연예인 #트로트 #트로트가수,2612,"Jan 7, 2026"
2025년 상반기 돌아보기 대한민국을 뒤흔든 순간들 #대한민국 #정치 #연예인,4077,"Jan 9, 2026"
광고 한 편에 수십억? 광고주가 사랑한 모델 TOP10 #연예인 #연예계소식 #광고모델,2359,"Dec 31, 2025"
"""데이식스, 아이유 제치고 48억?"" 유튜브뮤직 스트리밍 가치 TOP10 #연예인 #연예계소식",2180,"Apr 15, 2026"
역대 KBO 연봉 총액!! 야구판 재벌은 누구?? #KBO #한국야구 #프로야구 #FA계약,1765,"Dec 11, 2025"
6000까지 단 2.6%… 개인 1조 베팅? 코스피 시총 상위 TOP10 등락 현황 #코스피 #주식,1373,"Feb 23, 2026"
2025년 하반기 돌아보기 정치/사회·연예 특급 이슈들 #정치 #연예인 #사회이슈 #연예계소식,1545,"Jan 10, 2026"
국적까지 버렸다… 진짜 ‘애국 스타’는 누구? #연예인 #스타 #한국스타 #애국 #영주권,12,"Dec 11, 2025"
